{
  "version": 1,
  "author": "Uri Shaked",
  "editor": "wokwi",
  "parts": [
    { "type": "wokwi-arduino-uno", "id": "uno", "top": 197.62, "left": 47.62, "attrs": {} },
    {
      "type": "wokwi-buzzer",
      "id": "buzzer",
      "top": 220,
      "left": 380,
      "rotate": 90,
      "attrs": { "volume": "0.2" }
    },
    {
      "type": "wokwi-pushbutton",
      "id": "btn1",
      "top": 71.33,
      "left": 0,
      "rotate": 90,
      "attrs": { "color": "red", "key": "1" }
    },
    {
      "type": "wokwi-pushbutton",
      "id": "btn2",
      "top": 68.45,
      "left": 49.07,
      "rotate": 90,
      "attrs": { "color": "orange", "key": "2" }
    },
    {
      "type": "wokwi-pushbutton",
      "id": "btn3",
      "top": 67.64,
      "left": 150.21,
      "rotate": 90,
      "attrs": { "color": "yellow", "key": "3" }
    },
    {
      "type": "wokwi-pushbutton",
      "id": "btn4",
      "top": 68.43,
      "left": 101.36,
      "rotate": 90,
      "attrs": { "color": "green", "key": "4" }
    },
    {
      "type": "wokwi-pushbutton",
      "id": "btn5",
      "top": 70,
      "left": 200,
      "rotate": 90,
      "attrs": { "color": "cyan", "key": "5" }
    },
    {
      "type": "wokwi-pushbutton",
      "id": "btn6",
      "top": 70,
      "left": 250,
      "rotate": 90,
      "attrs": { "color": "blue", "key": "6" }
    },
    {
      "type": "wokwi-pushbutton",
      "id": "btn7",
      "top": 70,
      "left": 300,
      "rotate": 90,
      "attrs": { "color": "purple", "key": "7" }
    },
    {
      "type": "wokwi-pushbutton",
      "id": "btn8",
      "top": 70,
      "left": 350,
      "rotate": 90,
      "attrs": { "color": "red", "key": "8" }
    },
    { "type": "wokwi-ky-040", "id": "encoder1", "top": 252.35, "left": -86.09, "attrs": {} },
    { "type": "wokwi-ssd1306", "id": "oled1", "top": 84.65, "left": -137.21, "attrs": {} }
  ],
  "connections": [
    [ "uno:GND.1", "buzzer:1", "black", [ "v-16", "*", "h-18" ] ],
    [ "uno:8", "buzzer:2", "gold", [ "v-24", "*", "h-10" ] ],
    [ "uno:12", "btn1:1.r", "red", [ "v-24", "h0" ] ],
    [ "uno:GND.1", "btn1:2.r", "black", [ "v-16", "h0" ] ],
    [ "uno:11", "btn2:1.r", "orange", [ "v-32", "h0" ] ],
    [ "uno:GND.1", "btn2:2.r", "black", [ "v-16", "h0" ] ],
    [ "uno:10", "btn3:1.r", "yellow", [ "v-38", "h0" ] ],
    [ "uno:GND.1", "btn3:2.r", "black", [ "v-16", "h0" ] ],
    [ "uno:GND.1", "btn4:2.r", "black", [ "v-16", "h0" ] ],
    [ "uno:7", "btn5:1.r", "cyan", [ "v-56", "h0" ] ],
    [ "uno:GND.1", "btn5:2.r", "black", [ "v-16", "h0" ] ],
    [ "uno:6", "btn6:1.r", "blue", [ "v-48", "h0" ] ],
    [ "uno:GND.1", "btn6:2.r", "black", [ "v-16", "h0" ] ],
    [ "uno:5", "btn7:1.r", "purple", [ "v-40", "h0" ] ],
    [ "uno:GND.1", "btn7:2.r", "black", [ "v-16", "h0" ] ],
    [ "uno:4", "btn8:1.r", "red", [ "v-32", "h0" ] ],
    [ "uno:GND.1", "btn8:2.r", "black", [ "v-16", "h0" ] ],
    [ "btn4:1.r", "uno:9", "green", [ "v26.48", "h83.83" ] ],
    [ "encoder1:GND", "uno:GND.1", "black", [ "h0" ] ],
    [ "encoder1:VCC", "uno:5V", "red", [ "h0" ] ],
    [ "encoder1:CLK", "uno:2", "pink", [ "h20.71", "v17.5", "h270.15" ] ],
    [ "encoder1:DT", "uno:3", "magenta", [ "h0" ] ],
    [ "oled1:VIN", "uno:5V", "red", [ "v-67.6", "h514.69", "v446.08", "h-260.15", "v-4.59" ] ],
    [ "oled1:GND", "uno:GND.2", "black", [ "v-56.39", "h497.04", "v426.95", "h-243.31" ] ],
    [ "oled1:DATA", "uno:A4", "green", [ "v-77.55", "h580.87", "v437.66", "h-187.46" ] ],
    [ "oled1:CLK", "uno:A5", "green", [ "v-87.49", "h581.82", "v439.19", "h-185.16" ] ]
  ]
}